symbol,display_symbol,market_type,source,base_currency,quote_currency,timestamp,exchange_rate,ingestion_time
EURUSD,EUR/USD,forex,frankfurter,EUR,USD,2025-04-22 00:00:00+00:00,1.1476,2026-04-17T01:07:12.153894+00:00
EURUSD,EUR/USD,forex,frankfurter,EUR,USD,2025-04-23 00:00:00+00:00,1.1415,2026-04-17T01:07:12.153894+00:00
EURUSD,EUR/USD,forex,frankfurter,EUR,USD,2025-04-24 00:00:00+00:00,1.1376,2026-04-17T01:07:12.153894+00:00
EURUSD,EUR/USD,forex,frankfurter,EUR,USD,2025-04-25 00:00:00+00:00,1.1357,2026-04-17T01:07:12.153894+00:00
EURUSD,EUR/USD,forex,frankfurter,EUR,USD,2025-04-28 00:00:00+00:00,1.1358,2026-04-17T01:07:12.153894+00:00
EURUSD,EUR/USD,forex,frankfurter,EUR,USD,2025-04-29 00:00:00+00:00,1.1373,2026-04-17T01:07:12.153894+00:00
EURUSD,EUR/USD,forex,frankfurter,EUR,USD,2025-04-30 00:00:00+00:00,1.1373,2026-04-17T01:07:12.153894+00:00
EURUSD,EUR/USD,forex,frankfurter,EUR,USD,2025-05-02 00:00:00+00:00,1.1343,2026-04-17T01:07:12.153894+00:00
EURUSD,EUR/USD,forex,frankfurter,EUR,USD,2025-05-05 00:00:00+00:00,1.1343,2026-04-17T01:07:12.153894+00:00
EURUSD,EUR/USD,forex,frankfurter,EUR,USD,2025-05-06 00:00:00+00:00,1.1325,2026-04-17T01:07:12.153894+00:00
EURUSD,EUR/USD,forex,frankfurter,EUR,USD,2025-05-07 00:00:00+00:00,1.136,2026-04-17T01:07:12.153894+00:00
EURUSD,EUR/USD,forex,frankfurter,EUR,USD,2025-05-08 00:00:00+00:00,1.1297,2026-04-17T01:07:12.153894+00:00
EURUSD,EUR/USD,forex,frankfurter,EUR,USD,2025-05-09 00:00:00+00:00,1.1252,2026-04-17T01:07:12.153894+00:00
EURUSD,EUR/USD,forex,frankfurter,EUR,USD,2025-05-12 00:00:00+00:00,1.1106,2026-04-17T01:07:12.153894+00:00
EURUSD,EUR/USD,forex,frankfurter,EUR,USD,2025-05-13 00:00:00+00:00,1.1112,2026-04-17T01:07:12.153894+00:00
EURUSD,EUR/USD,forex,frankfurter,EUR,USD,2025-05-14 00:00:00+00:00,1.1214,2026-04-17T01:07:12.153894+00:00
EURUSD,EUR/USD,forex,frankfurter,EUR,USD,2025-05-15 00:00:00+00:00,1.1185,2026-04-17T01:07:12.153894+00:00
EURUSD,EUR/USD,forex,frankfurter,EUR,USD,2025-05-16 00:00:00+00:00,1.1194,2026-04-17T01:07:12.153894+00:00
EURUSD,EUR/USD,forex,frankfurter,EUR,USD,2025-05-19 00:00:00+00:00,1.1262,2026-04-17T01:07:12.153894+00:00
EURUSD,EUR/USD,forex,frankfurter,EUR,USD,2025-05-20 00:00:00+00:00,1.1241,2026-04-17T01:07:12.153894+00:00
EURUSD,EUR/USD,forex,frankfurter,EUR,USD,2025-05-21 00:00:00+00:00,1.1321,2026-04-17T01:07:12.153894+00:00
EURUSD,EUR/USD,forex,frankfurter,EUR,USD,2025-05-22 00:00:00+00:00,1.1309,2026-04-17T01:07:12.153894+00:00
EURUSD,EUR/USD,forex,frankfurter,EUR,USD,2025-05-23 00:00:00+00:00,1.1301,2026-04-17T01:07:12.153894+00:00
EURUSD,EUR/USD,forex,frankfurter,EUR,USD,2025-05-26 00:00:00+00:00,1.1381,2026-04-17T01:07:12.153894+00:00
EURUSD,EUR/USD,forex,frankfurter,EUR,USD,2025-05-27 00:00:00+00:00,1.1356,2026-04-17T01:07:12.153894+00:00
EURUSD,EUR/USD,forex,frankfurter,EUR,USD,2025-05-28 00:00:00+00:00,1.1317,2026-04-17T01:07:12.153894+00:00
EURUSD,EUR/USD,forex,frankfurter,EUR,USD,2025-05-29 00:00:00+00:00,1.1281,2026-04-17T01:07:12.153894+00:00
EURUSD,EUR/USD,forex,frankfurter,EUR,USD,2025-05-30 00:00:00+00:00,1.1339,2026-04-17T01:07:12.153894+00:00
EURUSD,EUR/USD,forex,frankfurter,EUR,USD,2025-06-02 00:00:00+00:00,1.1419,2026-04-17T01:07:12.153894+00:00
EURUSD,EUR/USD,forex,frankfurter,EUR,USD,2025-06-03 00:00:00+00:00,1.1386,2026-04-17T01:07:12.153894+00:00
EURUSD,EUR/USD,forex,frankfurter,EUR,USD,2025-06-04 00:00:00+00:00,1.1384,2026-04-17T01:07:12.153894+00:00
EURUSD,EUR/USD,forex,frankfurter,EUR,USD,2025-06-05 00:00:00+00:00,1.1423,2026-04-17T01:07:12.153894+00:00
EURUSD,EUR/USD,forex,frankfurter,EUR,USD,2025-06-06 00:00:00+00:00,1.1411,2026-04-17T01:07:12.153894+00:00
EURUSD,EUR/USD,forex,frankfurter,EUR,USD,2025-06-09 00:00:00+00:00,1.141,2026-04-17T01:07:12.153894+00:00
EURUSD,EUR/USD,forex,frankfurter,EUR,USD,2025-06-10 00:00:00+00:00,1.1429,2026-04-17T01:07:12.153894+00:00
EURUSD,EUR/USD,forex,frankfurter,EUR,USD,2025-06-11 00:00:00+00:00,1.1433,2026-04-17T01:07:12.153894+00:00
EURUSD,EUR/USD,forex,frankfurter,EUR,USD,2025-06-12 00:00:00+00:00,1.1594,2026-04-17T01:07:12.153894+00:00
EURUSD,EUR/USD,forex,frankfurter,EUR,USD,2025-06-13 00:00:00+00:00,1.1512,2026-04-17T01:07:12.153894+00:00
EURUSD,EUR/USD,forex,frankfurter,EUR,USD,2025-06-16 00:00:00+00:00,1.1574,2026-04-17T01:07:12.153894+00:00
EURUSD,EUR/USD,forex,frankfurter,EUR,USD,2025-06-17 00:00:00+00:00,1.1568,2026-04-17T01:07:12.153894+00:00
EURUSD,EUR/USD,forex,frankfurter,EUR,USD,2025-06-18 00:00:00+00:00,1.1508,2026-04-17T01:07:12.153894+00:00
EURUSD,EUR/USD,forex,frankfurter,EUR,USD,2025-06-19 00:00:00+00:00,1.1478,2026-04-17T01:07:12.153894+00:00
EURUSD,EUR/USD,forex,frankfurter,EUR,USD,2025-06-20 00:00:00+00:00,1.1515,2026-04-17T01:07:12.153894+00:00
EURUSD,EUR/USD,forex,frankfurter,EUR,USD,2025-06-23 00:00:00+00:00,1.1472,2026-04-17T01:07:12.153894+00:00
EURUSD,EUR/USD,forex,frankfurter,EUR,USD,2025-06-24 00:00:00+00:00,1.1607,2026-04-17T01:07:12.153894+00:00
EURUSD,EUR/USD,forex,frankfurter,EUR,USD,2025-06-25 00:00:00+00:00,1.1598,2026-04-17T01:07:12.153894+00:00
EURUSD,EUR/USD,forex,frankfurter,EUR,USD,2025-06-26 00:00:00+00:00,1.1695,2026-04-17T01:07:12.153894+00:00
EURUSD,EUR/USD,forex,frankfurter,EUR,USD,2025-06-27 00:00:00+00:00,1.1704,2026-04-17T01:07:12.153894+00:00
EURUSD,EUR/USD,forex,frankfurter,EUR,USD,2025-06-30 00:00:00+00:00,1.172,2026-04-17T01:07:12.153894+00:00
EURUSD,EUR/USD,forex,frankfurter,EUR,USD,2025-07-01 00:00:00+00:00,1.181,2026-04-17T01:07:12.153894+00:00
EURUSD,EUR/USD,forex,frankfurter,EUR,USD,2025-07-02 00:00:00+00:00,1.1755,2026-04-17T01:07:12.153894+00:00
EURUSD,EUR/USD,forex,frankfurter,EUR,USD,2025-07-03 00:00:00+00:00,1.1782,2026-04-17T01:07:12.153894+00:00
EURUSD,EUR/USD,forex,frankfurter,EUR,USD,2025-07-04 00:00:00+00:00,1.1767,2026-04-17T01:07:12.153894+00:00
EURUSD,EUR/USD,forex,frankfurter,EUR,USD,2025-07-07 00:00:00+00:00,1.1728,2026-04-17T01:07:12.153894+00:00
EURUSD,EUR/USD,forex,frankfurter,EUR,USD,2025-07-08 00:00:00+00:00,1.1718,2026-04-17T01:07:12.153894+00:00
EURUSD,EUR/USD,forex,frankfurter,EUR,USD,2025-07-09 00:00:00+00:00,1.1698,2026-04-17T01:07:12.153894+00:00
EURUSD,EUR/USD,forex,frankfurter,EUR,USD,2025-07-10 00:00:00+00:00,1.1709,2026-04-17T01:07:12.153894+00:00
EURUSD,EUR/USD,forex,frankfurter,EUR,USD,2025-07-11 00:00:00+00:00,1.1683,2026-04-17T01:07:12.153894+00:00
EURUSD,EUR/USD,forex,frankfurter,EUR,USD,2025-07-14 00:00:00+00:00,1.169,2026-04-17T01:07:12.153894+00:00
EURUSD,EUR/USD,forex,frankfurter,EUR,USD,2025-07-15 00:00:00+00:00,1.1665,2026-04-17T01:07:12.153894+00:00
EURUSD,EUR/USD,forex,frankfurter,EUR,USD,2025-07-16 00:00:00+00:00,1.1602,2026-04-17T01:07:12.153894+00:00
EURUSD,EUR/USD,forex,frankfurter,EUR,USD,2025-07-17 00:00:00+00:00,1.1579,2026-04-17T01:07:12.153894+00:00
EURUSD,EUR/USD,forex,frankfurter,EUR,USD,2025-07-18 00:00:00+00:00,1.165,2026-04-17T01:07:12.153894+00:00
EURUSD,EUR/USD,forex,frankfurter,EUR,USD,2025-07-21 00:00:00+00:00,1.1667,2026-04-17T01:07:12.153894+00:00
EURUSD,EUR/USD,forex,frankfurter,EUR,USD,2025-07-22 00:00:00+00:00,1.1699,2026-04-17T01:07:12.153894+00:00
EURUSD,EUR/USD,forex,frankfurter,EUR,USD,2025-07-23 00:00:00+00:00,1.1726,2026-04-17T01:07:12.153894+00:00
EURUSD,EUR/USD,forex,frankfurter,EUR,USD,2025-07-24 00:00:00+00:00,1.1756,2026-04-17T01:07:12.153894+00:00
EURUSD,EUR/USD,forex,frankfurter,EUR,USD,2025-07-25 00:00:00+00:00,1.1724,2026-04-17T01:07:12.153894+00:00
EURUSD,EUR/USD,forex,frankfurter,EUR,USD,2025-07-28 00:00:00+00:00,1.1654,2026-04-17T01:07:12.153894+00:00
EURUSD,EUR/USD,forex,frankfurter,EUR,USD,2025-07-29 00:00:00+00:00,1.1533,2026-04-17T01:07:12.153894+00:00
EURUSD,EUR/USD,forex,frankfurter,EUR,USD,2025-07-30 00:00:00+00:00,1.1527,2026-04-17T01:07:12.153894+00:00
EURUSD,EUR/USD,forex,frankfurter,EUR,USD,2025-07-31 00:00:00+00:00,1.1446,2026-04-17T01:07:12.153894+00:00
EURUSD,EUR/USD,forex,frankfurter,EUR,USD,2025-08-01 00:00:00+00:00,1.1404,2026-04-17T01:07:12.153894+00:00
EURUSD,EUR/USD,forex,frankfurter,EUR,USD,2025-08-04 00:00:00+00:00,1.1565,2026-04-17T01:07:12.153894+00:00
EURUSD,EUR/USD,forex,frankfurter,EUR,USD,2025-08-05 00:00:00+00:00,1.1546,2026-04-17T01:07:12.153894+00:00
EURUSD,EUR/USD,forex,frankfurter,EUR,USD,2025-08-06 00:00:00+00:00,1.1604,2026-04-17T01:07:12.153894+00:00
EURUSD,EUR/USD,forex,frankfurter,EUR,USD,2025-08-07 00:00:00+00:00,1.1643,2026-04-17T01:07:12.153894+00:00
EURUSD,EUR/USD,forex,frankfurter,EUR,USD,2025-08-08 00:00:00+00:00,1.1648,2026-04-17T01:07:12.153894+00:00
EURUSD,EUR/USD,forex,frankfurter,EUR,USD,2025-08-11 00:00:00+00:00,1.1622,2026-04-17T01:07:12.153894+00:00
EURUSD,EUR/USD,forex,frankfurter,EUR,USD,2025-08-12 00:00:00+00:00,1.1606,2026-04-17T01:07:12.153894+00:00
EURUSD,EUR/USD,forex,frankfurter,EUR,USD,2025-08-13 00:00:00+00:00,1.1711,2026-04-17T01:07:12.153894+00:00
EURUSD,EUR/USD,forex,frankfurter,EUR,USD,2025-08-14 00:00:00+00:00,1.169,2026-04-17T01:07:12.153894+00:00
EURUSD,EUR/USD,forex,frankfurter,EUR,USD,2025-08-15 00:00:00+00:00,1.1688,2026-04-17T01:07:12.153894+00:00
EURUSD,EUR/USD,forex,frankfurter,EUR,USD,2025-08-18 00:00:00+00:00,1.1673,2026-04-17T01:07:12.153894+00:00
EURUSD,EUR/USD,forex,frankfurter,EUR,USD,2025-08-19 00:00:00+00:00,1.1682,2026-04-17T01:07:12.153894+00:00
EURUSD,EUR/USD,forex,frankfurter,EUR,USD,2025-08-20 00:00:00+00:00,1.1651,2026-04-17T01:07:12.153894+00:00
EURUSD,EUR/USD,forex,frankfurter,EUR,USD,2025-08-21 00:00:00+00:00,1.1639,2026-04-17T01:07:12.153894+00:00
EURUSD,EUR/USD,forex,frankfurter,EUR,USD,2025-08-22 00:00:00+00:00,1.1608,2026-04-17T01:07:12.153894+00:00
EURUSD,EUR/USD,forex,frankfurter,EUR,USD,2025-08-25 00:00:00+00:00,1.1697,2026-04-17T01:07:12.153894+00:00
EURUSD,EUR/USD,forex,frankfurter,EUR,USD,2025-08-26 00:00:00+00:00,1.1656,2026-04-17T01:07:12.153894+00:00
EURUSD,EUR/USD,forex,frankfurter,EUR,USD,2025-08-27 00:00:00+00:00,1.1593,2026-04-17T01:07:12.153894+00:00
EURUSD,EUR/USD,forex,frankfurter,EUR,USD,2025-08-28 00:00:00+00:00,1.1676,2026-04-17T01:07:12.153894+00:00
EURUSD,EUR/USD,forex,frankfurter,EUR,USD,2025-08-29 00:00:00+00:00,1.1658,2026-04-17T01:07:12.153894+00:00
EURUSD,EUR/USD,forex,frankfurter,EUR,USD,2025-09-01 00:00:00+00:00,1.1715,2026-04-17T01:07:12.153894+00:00
EURUSD,EUR/USD,forex,frankfurter,EUR,USD,2025-09-02 00:00:00+00:00,1.1646,2026-04-17T01:07:12.153894+00:00
EURUSD,EUR/USD,forex,frankfurter,EUR,USD,2025-09-03 00:00:00+00:00,1.1653,2026-04-17T01:07:12.153894+00:00
EURUSD,EUR/USD,forex,frankfurter,EUR,USD,2025-09-04 00:00:00+00:00,1.1647,2026-04-17T01:07:12.153894+00:00
EURUSD,EUR/USD,forex,frankfurter,EUR,USD,2025-09-05 00:00:00+00:00,1.1697,2026-04-17T01:07:12.153894+00:00
EURUSD,EUR/USD,forex,frankfurter,EUR,USD,2025-09-08 00:00:00+00:00,1.1728,2026-04-17T01:07:12.153894+00:00
EURUSD,EUR/USD,forex,frankfurter,EUR,USD,2025-09-09 00:00:00+00:00,1.1744,2026-04-17T01:07:12.153894+00:00
EURUSD,EUR/USD,forex,frankfurter,EUR,USD,2025-09-10 00:00:00+00:00,1.1707,2026-04-17T01:07:12.153894+00:00
EURUSD,EUR/USD,forex,frankfurter,EUR,USD,2025-09-11 00:00:00+00:00,1.1685,2026-04-17T01:07:12.153894+00:00
EURUSD,EUR/USD,forex,frankfurter,EUR,USD,2025-09-12 00:00:00+00:00,1.1718,2026-04-17T01:07:12.153894+00:00
EURUSD,EUR/USD,forex,frankfurter,EUR,USD,2025-09-15 00:00:00+00:00,1.1766,2026-04-17T01:07:12.153894+00:00
EURUSD,EUR/USD,forex,frankfurter,EUR,USD,2025-09-16 00:00:00+00:00,1.1807,2026-04-17T01:07:12.153894+00:00
EURUSD,EUR/USD,forex,frankfurter,EUR,USD,2025-09-17 00:00:00+00:00,1.1837,2026-04-17T01:07:12.153894+00:00
EURUSD,EUR/USD,forex,frankfurter,EUR,USD,2025-09-18 00:00:00+00:00,1.1818,2026-04-17T01:07:12.153894+00:00
EURUSD,EUR/USD,forex,frankfurter,EUR,USD,2025-09-19 00:00:00+00:00,1.1736,2026-04-17T01:07:12.153894+00:00
EURUSD,EUR/USD,forex,frankfurter,EUR,USD,2025-09-22 00:00:00+00:00,1.1781,2026-04-17T01:07:12.153894+00:00
EURUSD,EUR/USD,forex,frankfurter,EUR,USD,2025-09-23 00:00:00+00:00,1.1793,2026-04-17T01:07:12.153894+00:00
EURUSD,EUR/USD,forex,frankfurter,EUR,USD,2025-09-24 00:00:00+00:00,1.1756,2026-04-17T01:07:12.153894+00:00
EURUSD,EUR/USD,forex,frankfurter,EUR,USD,2025-09-25 00:00:00+00:00,1.1739,2026-04-17T01:07:12.153894+00:00
EURUSD,EUR/USD,forex,frankfurter,EUR,USD,2025-09-26 00:00:00+00:00,1.1672,2026-04-17T01:07:12.153894+00:00
EURUSD,EUR/USD,forex,frankfurter,EUR,USD,2025-09-29 00:00:00+00:00,1.1723,2026-04-17T01:07:12.153894+00:00
EURUSD,EUR/USD,forex,frankfurter,EUR,USD,2025-09-30 00:00:00+00:00,1.1741,2026-04-17T01:07:12.153894+00:00
EURUSD,EUR/USD,forex,frankfurter,EUR,USD,2025-10-01 00:00:00+00:00,1.1724,2026-04-17T01:07:12.153894+00:00
EURUSD,EUR/USD,forex,frankfurter,EUR,USD,2025-10-02 00:00:00+00:00,1.1754,2026-04-17T01:07:12.153894+00:00
EURUSD,EUR/USD,forex,frankfurter,EUR,USD,2025-10-03 00:00:00+00:00,1.1734,2026-04-17T01:07:12.153894+00:00
EURUSD,EUR/USD,forex,frankfurter,EUR,USD,2025-10-06 00:00:00+00:00,1.1678,2026-04-17T01:07:12.153894+00:00
EURUSD,EUR/USD,forex,frankfurter,EUR,USD,2025-10-07 00:00:00+00:00,1.1666,2026-04-17T01:07:12.153894+00:00
EURUSD,EUR/USD,forex,frankfurter,EUR,USD,2025-10-08 00:00:00+00:00,1.1627,2026-04-17T01:07:12.153894+00:00
EURUSD,EUR/USD,forex,frankfurter,EUR,USD,2025-10-09 00:00:00+00:00,1.1611,2026-04-17T01:07:12.153894+00:00
EURUSD,EUR/USD,forex,frankfurter,EUR,USD,2025-10-10 00:00:00+00:00,1.1568,2026-04-17T01:07:12.153894+00:00
EURUSD,EUR/USD,forex,frankfurter,EUR,USD,2025-10-13 00:00:00+00:00,1.1569,2026-04-17T01:07:12.153894+00:00
EURUSD,EUR/USD,forex,frankfurter,EUR,USD,2025-10-14 00:00:00+00:00,1.1553,2026-04-17T01:07:12.153894+00:00
EURUSD,EUR/USD,forex,frankfurter,EUR,USD,2025-10-15 00:00:00+00:00,1.1622,2026-04-17T01:07:12.153894+00:00
EURUSD,EUR/USD,forex,frankfurter,EUR,USD,2025-10-16 00:00:00+00:00,1.1649,2026-04-17T01:07:12.153894+00:00
EURUSD,EUR/USD,forex,frankfurter,EUR,USD,2025-10-17 00:00:00+00:00,1.1681,2026-04-17T01:07:12.153894+00:00
EURUSD,EUR/USD,forex,frankfurter,EUR,USD,2025-10-20 00:00:00+00:00,1.1655,2026-04-17T01:07:12.153894+00:00
EURUSD,EUR/USD,forex,frankfurter,EUR,USD,2025-10-21 00:00:00+00:00,1.1607,2026-04-17T01:07:12.153894+00:00
EURUSD,EUR/USD,forex,frankfurter,EUR,USD,2025-10-22 00:00:00+00:00,1.1587,2026-04-17T01:07:12.153894+00:00
EURUSD,EUR/USD,forex,frankfurter,EUR,USD,2025-10-23 00:00:00+00:00,1.1593,2026-04-17T01:07:12.153894+00:00
EURUSD,EUR/USD,forex,frankfurter,EUR,USD,2025-10-24 00:00:00+00:00,1.1612,2026-04-17T01:07:12.153894+00:00
EURUSD,EUR/USD,forex,frankfurter,EUR,USD,2025-10-27 00:00:00+00:00,1.164,2026-04-17T01:07:12.153894+00:00
EURUSD,EUR/USD,forex,frankfurter,EUR,USD,2025-10-28 00:00:00+00:00,1.163,2026-04-17T01:07:12.153894+00:00
EURUSD,EUR/USD,forex,frankfurter,EUR,USD,2025-10-29 00:00:00+00:00,1.1636,2026-04-17T01:07:12.153894+00:00
EURUSD,EUR/USD,forex,frankfurter,EUR,USD,2025-10-30 00:00:00+00:00,1.155,2026-04-17T01:07:12.153894+00:00
EURUSD,EUR/USD,forex,frankfurter,EUR,USD,2025-10-31 00:00:00+00:00,1.1554,2026-04-17T01:07:12.153894+00:00
EURUSD,EUR/USD,forex,frankfurter,EUR,USD,2025-11-03 00:00:00+00:00,1.1514,2026-04-17T01:07:12.153894+00:00
EURUSD,EUR/USD,forex,frankfurter,EUR,USD,2025-11-04 00:00:00+00:00,1.1491,2026-04-17T01:07:12.153894+00:00
EURUSD,EUR/USD,forex,frankfurter,EUR,USD,2025-11-05 00:00:00+00:00,1.1492,2026-04-17T01:07:12.153894+00:00
EURUSD,EUR/USD,forex,frankfurter,EUR,USD,2025-11-06 00:00:00+00:00,1.1533,2026-04-17T01:07:12.153894+00:00
EURUSD,EUR/USD,forex,frankfurter,EUR,USD,2025-11-07 00:00:00+00:00,1.1561,2026-04-17T01:07:12.153894+00:00
EURUSD,EUR/USD,forex,frankfurter,EUR,USD,2025-11-10 00:00:00+00:00,1.1571,2026-04-17T01:07:12.153894+00:00
EURUSD,EUR/USD,forex,frankfurter,EUR,USD,2025-11-11 00:00:00+00:00,1.1575,2026-04-17T01:07:12.153894+00:00
EURUSD,EUR/USD,forex,frankfurter,EUR,USD,2025-11-12 00:00:00+00:00,1.1576,2026-04-17T01:07:12.153894+00:00
EURUSD,EUR/USD,forex,frankfurter,EUR,USD,2025-11-13 00:00:00+00:00,1.1619,2026-04-17T01:07:12.153894+00:00
EURUSD,EUR/USD,forex,frankfurter,EUR,USD,2025-11-14 00:00:00+00:00,1.1648,2026-04-17T01:07:12.153894+00:00
EURUSD,EUR/USD,forex,frankfurter,EUR,USD,2025-11-17 00:00:00+00:00,1.1593,2026-04-17T01:07:12.153894+00:00
EURUSD,EUR/USD,forex,frankfurter,EUR,USD,2025-11-18 00:00:00+00:00,1.159,2026-04-17T01:07:12.153894+00:00
EURUSD,EUR/USD,forex,frankfurter,EUR,USD,2025-11-19 00:00:00+00:00,1.1583,2026-04-17T01:07:12.153894+00:00
EURUSD,EUR/USD,forex,frankfurter,EUR,USD,2025-11-20 00:00:00+00:00,1.1514,2026-04-17T01:07:12.153894+00:00
EURUSD,EUR/USD,forex,frankfurter,EUR,USD,2025-11-21 00:00:00+00:00,1.152,2026-04-17T01:07:12.153894+00:00
EURUSD,EUR/USD,forex,frankfurter,EUR,USD,2025-11-24 00:00:00+00:00,1.1544,2026-04-17T01:07:12.153894+00:00
EURUSD,EUR/USD,forex,frankfurter,EUR,USD,2025-11-25 00:00:00+00:00,1.1551,2026-04-17T01:07:12.153894+00:00
EURUSD,EUR/USD,forex,frankfurter,EUR,USD,2025-11-26 00:00:00+00:00,1.1577,2026-04-17T01:07:12.153894+00:00
EURUSD,EUR/USD,forex,frankfurter,EUR,USD,2025-11-27 00:00:00+00:00,1.1586,2026-04-17T01:07:12.153894+00:00
EURUSD,EUR/USD,forex,frankfurter,EUR,USD,2025-11-28 00:00:00+00:00,1.1566,2026-04-17T01:07:12.153894+00:00
EURUSD,EUR/USD,forex,frankfurter,EUR,USD,2025-12-01 00:00:00+00:00,1.1646,2026-04-17T01:07:12.153894+00:00
EURUSD,EUR/USD,forex,frankfurter,EUR,USD,2025-12-02 00:00:00+00:00,1.1614,2026-04-17T01:07:12.153894+00:00
EURUSD,EUR/USD,forex,frankfurter,EUR,USD,2025-12-03 00:00:00+00:00,1.1668,2026-04-17T01:07:12.153894+00:00
EURUSD,EUR/USD,forex,frankfurter,EUR,USD,2025-12-04 00:00:00+00:00,1.1666,2026-04-17T01:07:12.153894+00:00
EURUSD,EUR/USD,forex,frankfurter,EUR,USD,2025-12-05 00:00:00+00:00,1.1645,2026-04-17T01:07:12.153894+00:00
EURUSD,EUR/USD,forex,frankfurter,EUR,USD,2025-12-08 00:00:00+00:00,1.1655,2026-04-17T01:07:12.153894+00:00
EURUSD,EUR/USD,forex,frankfurter,EUR,USD,2025-12-09 00:00:00+00:00,1.1637,2026-04-17T01:07:12.153894+00:00
EURUSD,EUR/USD,forex,frankfurter,EUR,USD,2025-12-10 00:00:00+00:00,1.1634,2026-04-17T01:07:12.153894+00:00
EURUSD,EUR/USD,forex,frankfurter,EUR,USD,2025-12-11 00:00:00+00:00,1.1714,2026-04-17T01:07:12.153894+00:00
EURUSD,EUR/USD,forex,frankfurter,EUR,USD,2025-12-12 00:00:00+00:00,1.1731,2026-04-17T01:07:12.153894+00:00
EURUSD,EUR/USD,forex,frankfurter,EUR,USD,2025-12-15 00:00:00+00:00,1.1753,2026-04-17T01:07:12.153894+00:00
EURUSD,EUR/USD,forex,frankfurter,EUR,USD,2025-12-16 00:00:00+00:00,1.1776,2026-04-17T01:07:12.153894+00:00
EURUSD,EUR/USD,forex,frankfurter,EUR,USD,2025-12-17 00:00:00+00:00,1.1722,2026-04-17T01:07:12.153894+00:00
EURUSD,EUR/USD,forex,frankfurter,EUR,USD,2025-12-18 00:00:00+00:00,1.1719,2026-04-17T01:07:12.153894+00:00
EURUSD,EUR/USD,forex,frankfurter,EUR,USD,2025-12-19 00:00:00+00:00,1.1712,2026-04-17T01:07:12.153894+00:00
EURUSD,EUR/USD,forex,frankfurter,EUR,USD,2025-12-22 00:00:00+00:00,1.1745,2026-04-17T01:07:12.153894+00:00
EURUSD,EUR/USD,forex,frankfurter,EUR,USD,2025-12-23 00:00:00+00:00,1.1786,2026-04-17T01:07:12.153894+00:00
EURUSD,EUR/USD,forex,frankfurter,EUR,USD,2025-12-24 00:00:00+00:00,1.1787,2026-04-17T01:07:12.153894+00:00
EURUSD,EUR/USD,forex,frankfurter,EUR,USD,2025-12-29 00:00:00+00:00,1.1766,2026-04-17T01:07:12.153894+00:00
EURUSD,EUR/USD,forex,frankfurter,EUR,USD,2025-12-30 00:00:00+00:00,1.1757,2026-04-17T01:07:12.153894+00:00
EURUSD,EUR/USD,forex,frankfurter,EUR,USD,2025-12-31 00:00:00+00:00,1.175,2026-04-17T01:07:12.153894+00:00
EURUSD,EUR/USD,forex,frankfurter,EUR,USD,2026-01-02 00:00:00+00:00,1.1721,2026-04-17T01:07:12.153894+00:00
EURUSD,EUR/USD,forex,frankfurter,EUR,USD,2026-01-05 00:00:00+00:00,1.1664,2026-04-17T01:07:12.153894+00:00
EURUSD,EUR/USD,forex,frankfurter,EUR,USD,2026-01-06 00:00:00+00:00,1.1707,2026-04-17T01:07:12.153894+00:00
EURUSD,EUR/USD,forex,frankfurter,EUR,USD,2026-01-07 00:00:00+00:00,1.1684,2026-04-17T01:07:12.153894+00:00
EURUSD,EUR/USD,forex,frankfurter,EUR,USD,2026-01-08 00:00:00+00:00,1.1675,2026-04-17T01:07:12.153894+00:00
EURUSD,EUR/USD,forex,frankfurter,EUR,USD,2026-01-09 00:00:00+00:00,1.1642,2026-04-17T01:07:12.153894+00:00
EURUSD,EUR/USD,forex,frankfurter,EUR,USD,2026-01-12 00:00:00+00:00,1.1692,2026-04-17T01:07:12.153894+00:00
EURUSD,EUR/USD,forex,frankfurter,EUR,USD,2026-01-13 00:00:00+00:00,1.1654,2026-04-17T01:07:12.153894+00:00
EURUSD,EUR/USD,forex,frankfurter,EUR,USD,2026-01-14 00:00:00+00:00,1.1651,2026-04-17T01:07:12.153894+00:00
EURUSD,EUR/USD,forex,frankfurter,EUR,USD,2026-01-15 00:00:00+00:00,1.1624,2026-04-17T01:07:12.153894+00:00
EURUSD,EUR/USD,forex,frankfurter,EUR,USD,2026-01-16 00:00:00+00:00,1.1617,2026-04-17T01:07:12.153894+00:00
EURUSD,EUR/USD,forex,frankfurter,EUR,USD,2026-01-19 00:00:00+00:00,1.1631,2026-04-17T01:07:12.153894+00:00
EURUSD,EUR/USD,forex,frankfurter,EUR,USD,2026-01-20 00:00:00+00:00,1.1728,2026-04-17T01:07:12.153894+00:00
EURUSD,EUR/USD,forex,frankfurter,EUR,USD,2026-01-21 00:00:00+00:00,1.1739,2026-04-17T01:07:12.153894+00:00
EURUSD,EUR/USD,forex,frankfurter,EUR,USD,2026-01-22 00:00:00+00:00,1.1706,2026-04-17T01:07:12.153894+00:00
EURUSD,EUR/USD,forex,frankfurter,EUR,USD,2026-01-23 00:00:00+00:00,1.1742,2026-04-17T01:07:12.153894+00:00
EURUSD,EUR/USD,forex,frankfurter,EUR,USD,2026-01-26 00:00:00+00:00,1.1836,2026-04-17T01:07:12.153894+00:00
EURUSD,EUR/USD,forex,frankfurter,EUR,USD,2026-01-27 00:00:00+00:00,1.1929,2026-04-17T01:07:12.153894+00:00
EURUSD,EUR/USD,forex,frankfurter,EUR,USD,2026-01-28 00:00:00+00:00,1.1974,2026-04-17T01:07:12.153894+00:00
EURUSD,EUR/USD,forex,frankfurter,EUR,USD,2026-01-29 00:00:00+00:00,1.1968,2026-04-17T01:07:12.153894+00:00
EURUSD,EUR/USD,forex,frankfurter,EUR,USD,2026-01-30 00:00:00+00:00,1.1919,2026-04-17T01:07:12.153894+00:00
EURUSD,EUR/USD,forex,frankfurter,EUR,USD,2026-02-02 00:00:00+00:00,1.184,2026-04-17T01:07:12.153894+00:00
EURUSD,EUR/USD,forex,frankfurter,EUR,USD,2026-02-03 00:00:00+00:00,1.1801,2026-04-17T01:07:12.153894+00:00
EURUSD,EUR/USD,forex,frankfurter,EUR,USD,2026-02-04 00:00:00+00:00,1.182,2026-04-17T01:07:12.153894+00:00
EURUSD,EUR/USD,forex,frankfurter,EUR,USD,2026-02-05 00:00:00+00:00,1.1798,2026-04-17T01:07:12.153894+00:00
EURUSD,EUR/USD,forex,frankfurter,EUR,USD,2026-02-06 00:00:00+00:00,1.1794,2026-04-17T01:07:12.153894+00:00
EURUSD,EUR/USD,forex,frankfurter,EUR,USD,2026-02-09 00:00:00+00:00,1.1886,2026-04-17T01:07:12.153894+00:00
EURUSD,EUR/USD,forex,frankfurter,EUR,USD,2026-02-10 00:00:00+00:00,1.1894,2026-04-17T01:07:12.153894+00:00
EURUSD,EUR/USD,forex,frankfurter,EUR,USD,2026-02-11 00:00:00+00:00,1.19,2026-04-17T01:07:12.153894+00:00
EURUSD,EUR/USD,forex,frankfurter,EUR,USD,2026-02-12 00:00:00+00:00,1.1874,2026-04-17T01:07:12.153894+00:00
EURUSD,EUR/USD,forex,frankfurter,EUR,USD,2026-02-13 00:00:00+00:00,1.1862,2026-04-17T01:07:12.153894+00:00
EURUSD,EUR/USD,forex,frankfurter,EUR,USD,2026-02-16 00:00:00+00:00,1.1855,2026-04-17T01:07:12.153894+00:00
EURUSD,EUR/USD,forex,frankfurter,EUR,USD,2026-02-17 00:00:00+00:00,1.1826,2026-04-17T01:07:12.153894+00:00
EURUSD,EUR/USD,forex,frankfurter,EUR,USD,2026-02-18 00:00:00+00:00,1.1845,2026-04-17T01:07:12.153894+00:00
EURUSD,EUR/USD,forex,frankfurter,EUR,USD,2026-02-19 00:00:00+00:00,1.1753,2026-04-17T01:07:12.153894+00:00
EURUSD,EUR/USD,forex,frankfurter,EUR,USD,2026-02-20 00:00:00+00:00,1.1767,2026-04-17T01:07:12.153894+00:00
EURUSD,EUR/USD,forex,frankfurter,EUR,USD,2026-02-23 00:00:00+00:00,1.1784,2026-04-17T01:07:12.153894+00:00
EURUSD,EUR/USD,forex,frankfurter,EUR,USD,2026-02-24 00:00:00+00:00,1.1777,2026-04-17T01:07:12.153894+00:00
EURUSD,EUR/USD,forex,frankfurter,EUR,USD,2026-02-25 00:00:00+00:00,1.1784,2026-04-17T01:07:12.153894+00:00
EURUSD,EUR/USD,forex,frankfurter,EUR,USD,2026-02-26 00:00:00+00:00,1.1814,2026-04-17T01:07:12.153894+00:00
EURUSD,EUR/USD,forex,frankfurter,EUR,USD,2026-02-27 00:00:00+00:00,1.1805,2026-04-17T01:07:12.153894+00:00
EURUSD,EUR/USD,forex,frankfurter,EUR,USD,2026-03-02 00:00:00+00:00,1.1698,2026-04-17T01:07:12.153894+00:00
EURUSD,EUR/USD,forex,frankfurter,EUR,USD,2026-03-03 00:00:00+00:00,1.1606,2026-04-17T01:07:12.153894+00:00
EURUSD,EUR/USD,forex,frankfurter,EUR,USD,2026-03-04 00:00:00+00:00,1.1649,2026-04-17T01:07:12.153894+00:00
EURUSD,EUR/USD,forex,frankfurter,EUR,USD,2026-03-05 00:00:00+00:00,1.1618,2026-04-17T01:07:12.153894+00:00
EURUSD,EUR/USD,forex,frankfurter,EUR,USD,2026-03-06 00:00:00+00:00,1.1561,2026-04-17T01:07:12.153894+00:00
EURUSD,EUR/USD,forex,frankfurter,EUR,USD,2026-03-09 00:00:00+00:00,1.1555,2026-04-17T01:07:12.153894+00:00
EURUSD,EUR/USD,forex,frankfurter,EUR,USD,2026-03-10 00:00:00+00:00,1.1641,2026-04-17T01:07:12.153894+00:00
EURUSD,EUR/USD,forex,frankfurter,EUR,USD,2026-03-11 00:00:00+00:00,1.1581,2026-04-17T01:07:12.153894+00:00
EURUSD,EUR/USD,forex,frankfurter,EUR,USD,2026-03-12 00:00:00+00:00,1.1547,2026-04-17T01:07:12.153894+00:00
EURUSD,EUR/USD,forex,frankfurter,EUR,USD,2026-03-13 00:00:00+00:00,1.1476,2026-04-17T01:07:12.153894+00:00
EURUSD,EUR/USD,forex,frankfurter,EUR,USD,2026-03-16 00:00:00+00:00,1.1478,2026-04-17T01:07:12.153894+00:00
EURUSD,EUR/USD,forex,frankfurter,EUR,USD,2026-03-17 00:00:00+00:00,1.1531,2026-04-17T01:07:12.153894+00:00
EURUSD,EUR/USD,forex,frankfurter,EUR,USD,2026-03-18 00:00:00+00:00,1.15,2026-04-17T01:07:12.153894+00:00
EURUSD,EUR/USD,forex,frankfurter,EUR,USD,2026-03-19 00:00:00+00:00,1.1489,2026-04-17T01:07:12.153894+00:00
EURUSD,EUR/USD,forex,frankfurter,EUR,USD,2026-03-20 00:00:00+00:00,1.1555,2026-04-17T01:07:12.153894+00:00
EURUSD,EUR/USD,forex,frankfurter,EUR,USD,2026-03-23 00:00:00+00:00,1.1596,2026-04-17T01:07:12.153894+00:00
EURUSD,EUR/USD,forex,frankfurter,EUR,USD,2026-03-24 00:00:00+00:00,1.1572,2026-04-17T01:07:12.153894+00:00
EURUSD,EUR/USD,forex,frankfurter,EUR,USD,2026-03-25 00:00:00+00:00,1.1592,2026-04-17T01:07:12.153894+00:00
EURUSD,EUR/USD,forex,frankfurter,EUR,USD,2026-03-26 00:00:00+00:00,1.1539,2026-04-17T01:07:12.153894+00:00
EURUSD,EUR/USD,forex,frankfurter,EUR,USD,2026-03-27 00:00:00+00:00,1.1517,2026-04-17T01:07:12.153894+00:00
EURUSD,EUR/USD,forex,frankfurter,EUR,USD,2026-03-30 00:00:00+00:00,1.1484,2026-04-17T01:07:12.153894+00:00
EURUSD,EUR/USD,forex,frankfurter,EUR,USD,2026-03-31 00:00:00+00:00,1.1498,2026-04-17T01:07:12.153894+00:00
EURUSD,EUR/USD,forex,frankfurter,EUR,USD,2026-04-01 00:00:00+00:00,1.1605,2026-04-17T01:07:12.153894+00:00
EURUSD,EUR/USD,forex,frankfurter,EUR,USD,2026-04-02 00:00:00+00:00,1.1525,2026-04-17T01:07:12.153894+00:00
EURUSD,EUR/USD,forex,frankfurter,EUR,USD,2026-04-07 00:00:00+00:00,1.1557,2026-04-17T01:07:12.153894+00:00
EURUSD,EUR/USD,forex,frankfurter,EUR,USD,2026-04-08 00:00:00+00:00,1.1706,2026-04-17T01:07:12.153894+00:00
EURUSD,EUR/USD,forex,frankfurter,EUR,USD,2026-04-09 00:00:00+00:00,1.1685,2026-04-17T01:07:12.153894+00:00
EURUSD,EUR/USD,forex,frankfurter,EUR,USD,2026-04-10 00:00:00+00:00,1.1711,2026-04-17T01:07:12.153894+00:00
EURUSD,EUR/USD,forex,frankfurter,EUR,USD,2026-04-13 00:00:00+00:00,1.1684,2026-04-17T01:07:12.153894+00:00
EURUSD,EUR/USD,forex,frankfurter,EUR,USD,2026-04-14 00:00:00+00:00,1.1793,2026-04-17T01:07:12.153894+00:00
EURUSD,EUR/USD,forex,frankfurter,EUR,USD,2026-04-15 00:00:00+00:00,1.178,2026-04-17T01:07:12.153894+00:00
GBPUSD,GBP/USD,forex,frankfurter,GBP,USD,2025-04-22 00:00:00+00:00,1.3366,2026-04-17T01:07:12.153894+00:00
GBPUSD,GBP/USD,forex,frankfurter,GBP,USD,2025-04-23 00:00:00+00:00,1.3305,2026-04-17T01:07:12.153894+00:00
GBPUSD,GBP/USD,forex,frankfurter,GBP,USD,2025-04-24 00:00:00+00:00,1.3305,2026-04-17T01:07:12.153894+00:00
GBPUSD,GBP/USD,forex,frankfurter,GBP,USD,2025-04-25 00:00:00+00:00,1.3313,2026-04-17T01:07:12.153894+00:00
GBPUSD,GBP/USD,forex,frankfurter,GBP,USD,2025-04-28 00:00:00+00:00,1.334,2026-04-17T01:07:12.153894+00:00
GBPUSD,GBP/USD,forex,frankfurter,GBP,USD,2025-04-29 00:00:00+00:00,1.3383,2026-04-17T01:07:12.153894+00:00
GBPUSD,GBP/USD,forex,frankfurter,GBP,USD,2025-04-30 00:00:00+00:00,1.3352,2026-04-17T01:07:12.153894+00:00
GBPUSD,GBP/USD,forex,frankfurter,GBP,USD,2025-05-02 00:00:00+00:00,1.3293,2026-04-17T01:07:12.153894+00:00
GBPUSD,GBP/USD,forex,frankfurter,GBP,USD,2025-05-05 00:00:00+00:00,1.3321,2026-04-17T01:07:12.153894+00:00
GBPUSD,GBP/USD,forex,frankfurter,GBP,USD,2025-05-06 00:00:00+00:00,1.3372,2026-04-17T01:07:12.153894+00:00
GBPUSD,GBP/USD,forex,frankfurter,GBP,USD,2025-05-07 00:00:00+00:00,1.3347,2026-04-17T01:07:12.153894+00:00
GBPUSD,GBP/USD,forex,frankfurter,GBP,USD,2025-05-08 00:00:00+00:00,1.3328,2026-04-17T01:07:12.153894+00:00
GBPUSD,GBP/USD,forex,frankfurter,GBP,USD,2025-05-09 00:00:00+00:00,1.3274,2026-04-17T01:07:12.153894+00:00
GBPUSD,GBP/USD,forex,frankfurter,GBP,USD,2025-05-12 00:00:00+00:00,1.3176,2026-04-17T01:07:12.153894+00:00
GBPUSD,GBP/USD,forex,frankfurter,GBP,USD,2025-05-13 00:00:00+00:00,1.3219,2026-04-17T01:07:12.153894+00:00
GBPUSD,GBP/USD,forex,frankfurter,GBP,USD,2025-05-14 00:00:00+00:00,1.3326,2026-04-17T01:07:12.153894+00:00
GBPUSD,GBP/USD,forex,frankfurter,GBP,USD,2025-05-15 00:00:00+00:00,1.3278,2026-04-17T01:07:12.153894+00:00
GBPUSD,GBP/USD,forex,frankfurter,GBP,USD,2025-05-16 00:00:00+00:00,1.3283,2026-04-17T01:07:12.153894+00:00
GBPUSD,GBP/USD,forex,frankfurter,GBP,USD,2025-05-19 00:00:00+00:00,1.3377,2026-04-17T01:07:12.153894+00:00
GBPUSD,GBP/USD,forex,frankfurter,GBP,USD,2025-05-20 00:00:00+00:00,1.3354,2026-04-17T01:07:12.153894+00:00
GBPUSD,GBP/USD,forex,frankfurter,GBP,USD,2025-05-21 00:00:00+00:00,1.3404,2026-04-17T01:07:12.153894+00:00
GBPUSD,GBP/USD,forex,frankfurter,GBP,USD,2025-05-22 00:00:00+00:00,1.342,2026-04-17T01:07:12.153894+00:00
GBPUSD,GBP/USD,forex,frankfurter,GBP,USD,2025-05-23 00:00:00+00:00,1.3482,2026-04-17T01:07:12.153894+00:00
GBPUSD,GBP/USD,forex,frankfurter,GBP,USD,2025-05-26 00:00:00+00:00,1.3562,2026-04-17T01:07:12.153894+00:00
GBPUSD,GBP/USD,forex,frankfurter,GBP,USD,2025-05-27 00:00:00+00:00,1.355,2026-04-17T01:07:12.153894+00:00
GBPUSD,GBP/USD,forex,frankfurter,GBP,USD,2025-05-28 00:00:00+00:00,1.3476,2026-04-17T01:07:12.153894+00:00
GBPUSD,GBP/USD,forex,frankfurter,GBP,USD,2025-05-29 00:00:00+00:00,1.3467,2026-04-17T01:07:12.153894+00:00
GBPUSD,GBP/USD,forex,frankfurter,GBP,USD,2025-05-30 00:00:00+00:00,1.348,2026-04-17T01:07:12.153894+00:00
GBPUSD,GBP/USD,forex,frankfurter,GBP,USD,2025-06-02 00:00:00+00:00,1.3539,2026-04-17T01:07:12.153894+00:00
GBPUSD,GBP/USD,forex,frankfurter,GBP,USD,2025-06-03 00:00:00+00:00,1.3497,2026-04-17T01:07:12.153894+00:00
GBPUSD,GBP/USD,forex,frankfurter,GBP,USD,2025-06-04 00:00:00+00:00,1.3519,2026-04-17T01:07:12.153894+00:00
GBPUSD,GBP/USD,forex,frankfurter,GBP,USD,2025-06-05 00:00:00+00:00,1.3568,2026-04-17T01:07:12.153894+00:00
GBPUSD,GBP/USD,forex,frankfurter,GBP,USD,2025-06-06 00:00:00+00:00,1.3543,2026-04-17T01:07:12.153894+00:00
GBPUSD,GBP/USD,forex,frankfurter,GBP,USD,2025-06-09 00:00:00+00:00,1.3545,2026-04-17T01:07:12.153894+00:00
GBPUSD,GBP/USD,forex,frankfurter,GBP,USD,2025-06-10 00:00:00+00:00,1.3503,2026-04-17T01:07:12.153894+00:00
GBPUSD,GBP/USD,forex,frankfurter,GBP,USD,2025-06-11 00:00:00+00:00,1.3489,2026-04-17T01:07:12.153894+00:00
GBPUSD,GBP/USD,forex,frankfurter,GBP,USD,2025-06-12 00:00:00+00:00,1.3579,2026-04-17T01:07:12.153894+00:00
GBPUSD,GBP/USD,forex,frankfurter,GBP,USD,2025-06-13 00:00:00+00:00,1.3536,2026-04-17T01:07:12.153894+00:00
GBPUSD,GBP/USD,forex,frankfurter,GBP,USD,2025-06-16 00:00:00+00:00,1.358,2026-04-17T01:07:12.153894+00:00
GBPUSD,GBP/USD,forex,frankfurter,GBP,USD,2025-06-17 00:00:00+00:00,1.357,2026-04-17T01:07:12.153894+00:00
GBPUSD,GBP/USD,forex,frankfurter,GBP,USD,2025-06-18 00:00:00+00:00,1.3457,2026-04-17T01:07:12.153894+00:00
GBPUSD,GBP/USD,forex,frankfurter,GBP,USD,2025-06-19 00:00:00+00:00,1.3439,2026-04-17T01:07:12.153894+00:00
GBPUSD,GBP/USD,forex,frankfurter,GBP,USD,2025-06-20 00:00:00+00:00,1.3488,2026-04-17T01:07:12.153894+00:00
GBPUSD,GBP/USD,forex,frankfurter,GBP,USD,2025-06-23 00:00:00+00:00,1.3391,2026-04-17T01:07:12.153894+00:00
GBPUSD,GBP/USD,forex,frankfurter,GBP,USD,2025-06-24 00:00:00+00:00,1.3612,2026-04-17T01:07:12.153894+00:00
GBPUSD,GBP/USD,forex,frankfurter,GBP,USD,2025-06-25 00:00:00+00:00,1.3603,2026-04-17T01:07:12.153894+00:00
GBPUSD,GBP/USD,forex,frankfurter,GBP,USD,2025-06-26 00:00:00+00:00,1.3702,2026-04-17T01:07:12.153894+00:00
GBPUSD,GBP/USD,forex,frankfurter,GBP,USD,2025-06-27 00:00:00+00:00,1.3723,2026-04-17T01:07:12.153894+00:00
GBPUSD,GBP/USD,forex,frankfurter,GBP,USD,2025-06-30 00:00:00+00:00,1.37,2026-04-17T01:07:12.153894+00:00
GBPUSD,GBP/USD,forex,frankfurter,GBP,USD,2025-07-01 00:00:00+00:00,1.3752,2026-04-17T01:07:12.153894+00:00
GBPUSD,GBP/USD,forex,frankfurter,GBP,USD,2025-07-02 00:00:00+00:00,1.3661,2026-04-17T01:07:12.153894+00:00
GBPUSD,GBP/USD,forex,frankfurter,GBP,USD,2025-07-03 00:00:00+00:00,1.3654,2026-04-17T01:07:12.153894+00:00
GBPUSD,GBP/USD,forex,frankfurter,GBP,USD,2025-07-04 00:00:00+00:00,1.3643,2026-04-17T01:07:12.153894+00:00
GBPUSD,GBP/USD,forex,frankfurter,GBP,USD,2025-07-07 00:00:00+00:00,1.362,2026-04-17T01:07:12.153894+00:00
GBPUSD,GBP/USD,forex,frankfurter,GBP,USD,2025-07-08 00:00:00+00:00,1.3575,2026-04-17T01:07:12.153894+00:00
GBPUSD,GBP/USD,forex,frankfurter,GBP,USD,2025-07-09 00:00:00+00:00,1.3582,2026-04-17T01:07:12.153894+00:00
GBPUSD,GBP/USD,forex,frankfurter,GBP,USD,2025-07-10 00:00:00+00:00,1.3573,2026-04-17T01:07:12.153894+00:00
GBPUSD,GBP/USD,forex,frankfurter,GBP,USD,2025-07-11 00:00:00+00:00,1.3495,2026-04-17T01:07:12.153894+00:00
GBPUSD,GBP/USD,forex,frankfurter,GBP,USD,2025-07-14 00:00:00+00:00,1.3488,2026-04-17T01:07:12.153894+00:00
GBPUSD,GBP/USD,forex,frankfurter,GBP,USD,2025-07-15 00:00:00+00:00,1.344,2026-04-17T01:07:12.153894+00:00
GBPUSD,GBP/USD,forex,frankfurter,GBP,USD,2025-07-16 00:00:00+00:00,1.3399,2026-04-17T01:07:12.153894+00:00
GBPUSD,GBP/USD,forex,frankfurter,GBP,USD,2025-07-17 00:00:00+00:00,1.3395,2026-04-17T01:07:12.153894+00:00
GBPUSD,GBP/USD,forex,frankfurter,GBP,USD,2025-07-18 00:00:00+00:00,1.3459,2026-04-17T01:07:12.153894+00:00
GBPUSD,GBP/USD,forex,frankfurter,GBP,USD,2025-07-21 00:00:00+00:00,1.3479,2026-04-17T01:07:12.153894+00:00
GBPUSD,GBP/USD,forex,frankfurter,GBP,USD,2025-07-22 00:00:00+00:00,1.3486,2026-04-17T01:07:12.153894+00:00
GBPUSD,GBP/USD,forex,frankfurter,GBP,USD,2025-07-23 00:00:00+00:00,1.3533,2026-04-17T01:07:12.153894+00:00
GBPUSD,GBP/USD,forex,frankfurter,GBP,USD,2025-07-24 00:00:00+00:00,1.3552,2026-04-17T01:07:12.153894+00:00
GBPUSD,GBP/USD,forex,frankfurter,GBP,USD,2025-07-25 00:00:00+00:00,1.3453,2026-04-17T01:07:12.153894+00:00
GBPUSD,GBP/USD,forex,frankfurter,GBP,USD,2025-07-28 00:00:00+00:00,1.3428,2026-04-17T01:07:12.153894+00:00
GBPUSD,GBP/USD,forex,frankfurter,GBP,USD,2025-07-29 00:00:00+00:00,1.3333,2026-04-17T01:07:12.153894+00:00
GBPUSD,GBP/USD,forex,frankfurter,GBP,USD,2025-07-30 00:00:00+00:00,1.3369,2026-04-17T01:07:12.153894+00:00
GBPUSD,GBP/USD,forex,frankfurter,GBP,USD,2025-07-31 00:00:00+00:00,1.3234,2026-04-17T01:07:12.153894+00:00
GBPUSD,GBP/USD,forex,frankfurter,GBP,USD,2025-08-01 00:00:00+00:00,1.3161,2026-04-17T01:07:12.153894+00:00
GBPUSD,GBP/USD,forex,frankfurter,GBP,USD,2025-08-04 00:00:00+00:00,1.3287,2026-04-17T01:07:12.153894+00:00
GBPUSD,GBP/USD,forex,frankfurter,GBP,USD,2025-08-05 00:00:00+00:00,1.3282,2026-04-17T01:07:12.153894+00:00
GBPUSD,GBP/USD,forex,frankfurter,GBP,USD,2025-08-06 00:00:00+00:00,1.3312,2026-04-17T01:07:12.153894+00:00
GBPUSD,GBP/USD,forex,frankfurter,GBP,USD,2025-08-07 00:00:00+00:00,1.3424,2026-04-17T01:07:12.153894+00:00
GBPUSD,GBP/USD,forex,frankfurter,GBP,USD,2025-08-08 00:00:00+00:00,1.3433,2026-04-17T01:07:12.153894+00:00
GBPUSD,GBP/USD,forex,frankfurter,GBP,USD,2025-08-11 00:00:00+00:00,1.3427,2026-04-17T01:07:12.153894+00:00
GBPUSD,GBP/USD,forex,frankfurter,GBP,USD,2025-08-12 00:00:00+00:00,1.3462,2026-04-17T01:07:12.153894+00:00
GBPUSD,GBP/USD,forex,frankfurter,GBP,USD,2025-08-13 00:00:00+00:00,1.3569,2026-04-17T01:07:12.153894+00:00
GBPUSD,GBP/USD,forex,frankfurter,GBP,USD,2025-08-14 00:00:00+00:00,1.3577,2026-04-17T01:07:12.153894+00:00
GBPUSD,GBP/USD,forex,frankfurter,GBP,USD,2025-08-15 00:00:00+00:00,1.3556,2026-04-17T01:07:12.153894+00:00
GBPUSD,GBP/USD,forex,frankfurter,GBP,USD,2025-08-18 00:00:00+00:00,1.354,2026-04-17T01:07:12.153894+00:00
GBPUSD,GBP/USD,forex,frankfurter,GBP,USD,2025-08-19 00:00:00+00:00,1.3521,2026-04-17T01:07:12.153894+00:00
GBPUSD,GBP/USD,forex,frankfurter,GBP,USD,2025-08-20 00:00:00+00:00,1.3477,2026-04-17T01:07:12.153894+00:00
GBPUSD,GBP/USD,forex,frankfurter,GBP,USD,2025-08-21 00:00:00+00:00,1.3449,2026-04-17T01:07:12.153894+00:00
GBPUSD,GBP/USD,forex,frankfurter,GBP,USD,2025-08-22 00:00:00+00:00,1.3415,2026-04-17T01:07:12.153894+00:00
GBPUSD,GBP/USD,forex,frankfurter,GBP,USD,2025-08-25 00:00:00+00:00,1.3508,2026-04-17T01:07:12.153894+00:00
GBPUSD,GBP/USD,forex,frankfurter,GBP,USD,2025-08-26 00:00:00+00:00,1.3488,2026-04-17T01:07:12.153894+00:00
GBPUSD,GBP/USD,forex,frankfurter,GBP,USD,2025-08-27 00:00:00+00:00,1.344,2026-04-17T01:07:12.153894+00:00
GBPUSD,GBP/USD,forex,frankfurter,GBP,USD,2025-08-28 00:00:00+00:00,1.3519,2026-04-17T01:07:12.153894+00:00
GBPUSD,GBP/USD,forex,frankfurter,GBP,USD,2025-08-29 00:00:00+00:00,1.3449,2026-04-17T01:07:12.153894+00:00
GBPUSD,GBP/USD,forex,frankfurter,GBP,USD,2025-09-01 00:00:00+00:00,1.3525,2026-04-17T01:07:12.153894+00:00
GBPUSD,GBP/USD,forex,frankfurter,GBP,USD,2025-09-02 00:00:00+00:00,1.3383,2026-04-17T01:07:12.153894+00:00
GBPUSD,GBP/USD,forex,frankfurter,GBP,USD,2025-09-03 00:00:00+00:00,1.3414,2026-04-17T01:07:12.153894+00:00
GBPUSD,GBP/USD,forex,frankfurter,GBP,USD,2025-09-04 00:00:00+00:00,1.3445,2026-04-17T01:07:12.153894+00:00
GBPUSD,GBP/USD,forex,frankfurter,GBP,USD,2025-09-05 00:00:00+00:00,1.3479,2026-04-17T01:07:12.153894+00:00
GBPUSD,GBP/USD,forex,frankfurter,GBP,USD,2025-09-08 00:00:00+00:00,1.3529,2026-04-17T01:07:12.153894+00:00
GBPUSD,GBP/USD,forex,frankfurter,GBP,USD,2025-09-09 00:00:00+00:00,1.3557,2026-04-17T01:07:12.153894+00:00
GBPUSD,GBP/USD,forex,frankfurter,GBP,USD,2025-09-10 00:00:00+00:00,1.3534,2026-04-17T01:07:12.153894+00:00
GBPUSD,GBP/USD,forex,frankfurter,GBP,USD,2025-09-11 00:00:00+00:00,1.3513,2026-04-17T01:07:12.153894+00:00
GBPUSD,GBP/USD,forex,frankfurter,GBP,USD,2025-09-12 00:00:00+00:00,1.3542,2026-04-17T01:07:12.153894+00:00
GBPUSD,GBP/USD,forex,frankfurter,GBP,USD,2025-09-15 00:00:00+00:00,1.3616,2026-04-17T01:07:12.153894+00:00
GBPUSD,GBP/USD,forex,frankfurter,GBP,USD,2025-09-16 00:00:00+00:00,1.364,2026-04-17T01:07:12.153894+00:00
GBPUSD,GBP/USD,forex,frankfurter,GBP,USD,2025-09-17 00:00:00+00:00,1.3645,2026-04-17T01:07:12.153894+00:00
GBPUSD,GBP/USD,forex,frankfurter,GBP,USD,2025-09-18 00:00:00+00:00,1.3615,2026-04-17T01:07:12.153894+00:00
GBPUSD,GBP/USD,forex,frankfurter,GBP,USD,2025-09-19 00:00:00+00:00,1.3477,2026-04-17T01:07:12.153894+00:00
GBPUSD,GBP/USD,forex,frankfurter,GBP,USD,2025-09-22 00:00:00+00:00,1.3496,2026-04-17T01:07:12.153894+00:00
GBPUSD,GBP/USD,forex,frankfurter,GBP,USD,2025-09-23 00:00:00+00:00,1.351,2026-04-17T01:07:12.153894+00:00
GBPUSD,GBP/USD,forex,frankfurter,GBP,USD,2025-09-24 00:00:00+00:00,1.3465,2026-04-17T01:07:12.153894+00:00
GBPUSD,GBP/USD,forex,frankfurter,GBP,USD,2025-09-25 00:00:00+00:00,1.3419,2026-04-17T01:07:12.153894+00:00
GBPUSD,GBP/USD,forex,frankfurter,GBP,USD,2025-09-26 00:00:00+00:00,1.3355,2026-04-17T01:07:12.153894+00:00
GBPUSD,GBP/USD,forex,frankfurter,GBP,USD,2025-09-29 00:00:00+00:00,1.3439,2026-04-17T01:07:12.153894+00:00
GBPUSD,GBP/USD,forex,frankfurter,GBP,USD,2025-09-30 00:00:00+00:00,1.3443,2026-04-17T01:07:12.153894+00:00
GBPUSD,GBP/USD,forex,frankfurter,GBP,USD,2025-10-01 00:00:00+00:00,1.347,2026-04-17T01:07:12.153894+00:00
GBPUSD,GBP/USD,forex,frankfurter,GBP,USD,2025-10-02 00:00:00+00:00,1.3478,2026-04-17T01:07:12.153894+00:00
GBPUSD,GBP/USD,forex,frankfurter,GBP,USD,2025-10-03 00:00:00+00:00,1.3447,2026-04-17T01:07:12.153894+00:00
GBPUSD,GBP/USD,forex,frankfurter,GBP,USD,2025-10-06 00:00:00+00:00,1.3431,2026-04-17T01:07:12.153894+00:00
GBPUSD,GBP/USD,forex,frankfurter,GBP,USD,2025-10-07 00:00:00+00:00,1.3405,2026-04-17T01:07:12.153894+00:00
GBPUSD,GBP/USD,forex,frankfurter,GBP,USD,2025-10-08 00:00:00+00:00,1.3409,2026-04-17T01:07:12.153894+00:00
GBPUSD,GBP/USD,forex,frankfurter,GBP,USD,2025-10-09 00:00:00+00:00,1.3372,2026-04-17T01:07:12.153894+00:00
GBPUSD,GBP/USD,forex,frankfurter,GBP,USD,2025-10-10 00:00:00+00:00,1.3283,2026-04-17T01:07:12.153894+00:00
GBPUSD,GBP/USD,forex,frankfurter,GBP,USD,2025-10-13 00:00:00+00:00,1.3333,2026-04-17T01:07:12.153894+00:00
GBPUSD,GBP/USD,forex,frankfurter,GBP,USD,2025-10-14 00:00:00+00:00,1.3261,2026-04-17T01:07:12.153894+00:00
GBPUSD,GBP/USD,forex,frankfurter,GBP,USD,2025-10-15 00:00:00+00:00,1.3351,2026-04-17T01:07:12.153894+00:00
GBPUSD,GBP/USD,forex,frankfurter,GBP,USD,2025-10-16 00:00:00+00:00,1.3427,2026-04-17T01:07:12.153894+00:00
GBPUSD,GBP/USD,forex,frankfurter,GBP,USD,2025-10-17 00:00:00+00:00,1.3434,2026-04-17T01:07:12.153894+00:00
GBPUSD,GBP/USD,forex,frankfurter,GBP,USD,2025-10-20 00:00:00+00:00,1.341,2026-04-17T01:07:12.153894+00:00
GBPUSD,GBP/USD,forex,frankfurter,GBP,USD,2025-10-21 00:00:00+00:00,1.3375,2026-04-17T01:07:12.153894+00:00
GBPUSD,GBP/USD,forex,frankfurter,GBP,USD,2025-10-22 00:00:00+00:00,1.3335,2026-04-17T01:07:12.153894+00:00
GBPUSD,GBP/USD,forex,frankfurter,GBP,USD,2025-10-23 00:00:00+00:00,1.3339,2026-04-17T01:07:12.153894+00:00
GBPUSD,GBP/USD,forex,frankfurter,GBP,USD,2025-10-24 00:00:00+00:00,1.3307,2026-04-17T01:07:12.153894+00:00
GBPUSD,GBP/USD,forex,frankfurter,GBP,USD,2025-10-27 00:00:00+00:00,1.3347,2026-04-17T01:07:12.153894+00:00
GBPUSD,GBP/USD,forex,frankfurter,GBP,USD,2025-10-28 00:00:00+00:00,1.3276,2026-04-17T01:07:12.153894+00:00
GBPUSD,GBP/USD,forex,frankfurter,GBP,USD,2025-10-29 00:00:00+00:00,1.3212,2026-04-17T01:07:12.153894+00:00
GBPUSD,GBP/USD,forex,frankfurter,GBP,USD,2025-10-30 00:00:00+00:00,1.3124,2026-04-17T01:07:12.153894+00:00
GBPUSD,GBP/USD,forex,frankfurter,GBP,USD,2025-10-31 00:00:00+00:00,1.3106,2026-04-17T01:07:12.153894+00:00
GBPUSD,GBP/USD,forex,frankfurter,GBP,USD,2025-11-03 00:00:00+00:00,1.3136,2026-04-17T01:07:12.153894+00:00
GBPUSD,GBP/USD,forex,frankfurter,GBP,USD,2025-11-04 00:00:00+00:00,1.3065,2026-04-17T01:07:12.153894+00:00
GBPUSD,GBP/USD,forex,frankfurter,GBP,USD,2025-11-05 00:00:00+00:00,1.3044,2026-04-17T01:07:12.153894+00:00
GBPUSD,GBP/USD,forex,frankfurter,GBP,USD,2025-11-06 00:00:00+00:00,1.3095,2026-04-17T01:07:12.153894+00:00
GBPUSD,GBP/USD,forex,frankfurter,GBP,USD,2025-11-07 00:00:00+00:00,1.3121,2026-04-17T01:07:12.153894+00:00
GBPUSD,GBP/USD,forex,frankfurter,GBP,USD,2025-11-10 00:00:00+00:00,1.3182,2026-04-17T01:07:12.153894+00:00
GBPUSD,GBP/USD,forex,frankfurter,GBP,USD,2025-11-11 00:00:00+00:00,1.3147,2026-04-17T01:07:12.153894+00:00
GBPUSD,GBP/USD,forex,frankfurter,GBP,USD,2025-11-12 00:00:00+00:00,1.312,2026-04-17T01:07:12.153894+00:00
GBPUSD,GBP/USD,forex,frankfurter,GBP,USD,2025-11-13 00:00:00+00:00,1.3175,2026-04-17T01:07:12.153894+00:00
GBPUSD,GBP/USD,forex,frankfurter,GBP,USD,2025-11-14 00:00:00+00:00,1.3168,2026-04-17T01:07:12.153894+00:00
GBPUSD,GBP/USD,forex,frankfurter,GBP,USD,2025-11-17 00:00:00+00:00,1.3181,2026-04-17T01:07:12.153894+00:00
GBPUSD,GBP/USD,forex,frankfurter,GBP,USD,2025-11-18 00:00:00+00:00,1.3139,2026-04-17T01:07:12.153894+00:00
GBPUSD,GBP/USD,forex,frankfurter,GBP,USD,2025-11-19 00:00:00+00:00,1.3122,2026-04-17T01:07:12.153894+00:00
GBPUSD,GBP/USD,forex,frankfurter,GBP,USD,2025-11-20 00:00:00+00:00,1.3062,2026-04-17T01:07:12.153894+00:00
GBPUSD,GBP/USD,forex,frankfurter,GBP,USD,2025-11-21 00:00:00+00:00,1.3086,2026-04-17T01:07:12.153894+00:00
GBPUSD,GBP/USD,forex,frankfurter,GBP,USD,2025-11-24 00:00:00+00:00,1.3112,2026-04-17T01:07:12.153894+00:00
GBPUSD,GBP/USD,forex,frankfurter,GBP,USD,2025-11-25 00:00:00+00:00,1.3144,2026-04-17T01:07:12.153894+00:00
GBPUSD,GBP/USD,forex,frankfurter,GBP,USD,2025-11-26 00:00:00+00:00,1.3192,2026-04-17T01:07:12.153894+00:00
GBPUSD,GBP/USD,forex,frankfurter,GBP,USD,2025-11-27 00:00:00+00:00,1.3235,2026-04-17T01:07:12.153894+00:00
GBPUSD,GBP/USD,forex,frankfurter,GBP,USD,2025-11-28 00:00:00+00:00,1.3215,2026-04-17T01:07:12.153894+00:00
GBPUSD,GBP/USD,forex,frankfurter,GBP,USD,2025-12-01 00:00:00+00:00,1.3267,2026-04-17T01:07:12.153894+00:00
GBPUSD,GBP/USD,forex,frankfurter,GBP,USD,2025-12-02 00:00:00+00:00,1.3204,2026-04-17T01:07:12.153894+00:00
GBPUSD,GBP/USD,forex,frankfurter,GBP,USD,2025-12-03 00:00:00+00:00,1.3311,2026-04-17T01:07:12.153894+00:00
GBPUSD,GBP/USD,forex,frankfurter,GBP,USD,2025-12-04 00:00:00+00:00,1.334,2026-04-17T01:07:12.153894+00:00
GBPUSD,GBP/USD,forex,frankfurter,GBP,USD,2025-12-05 00:00:00+00:00,1.3344,2026-04-17T01:07:12.153894+00:00
GBPUSD,GBP/USD,forex,frankfurter,GBP,USD,2025-12-08 00:00:00+00:00,1.3326,2026-04-17T01:07:12.153894+00:00
GBPUSD,GBP/USD,forex,frankfurter,GBP,USD,2025-12-09 00:00:00+00:00,1.3322,2026-04-17T01:07:12.153894+00:00
GBPUSD,GBP/USD,forex,frankfurter,GBP,USD,2025-12-10 00:00:00+00:00,1.331,2026-04-17T01:07:12.153894+00:00
GBPUSD,GBP/USD,forex,frankfurter,GBP,USD,2025-12-11 00:00:00+00:00,1.3386,2026-04-17T01:07:12.153894+00:00
GBPUSD,GBP/USD,forex,frankfurter,GBP,USD,2025-12-12 00:00:00+00:00,1.3381,2026-04-17T01:07:12.153894+00:00
GBPUSD,GBP/USD,forex,frankfurter,GBP,USD,2025-12-15 00:00:00+00:00,1.3388,2026-04-17T01:07:12.153894+00:00
GBPUSD,GBP/USD,forex,frankfurter,GBP,USD,2025-12-16 00:00:00+00:00,1.3437,2026-04-17T01:07:12.153894+00:00
GBPUSD,GBP/USD,forex,frankfurter,GBP,USD,2025-12-17 00:00:00+00:00,1.3343,2026-04-17T01:07:12.153894+00:00
GBPUSD,GBP/USD,forex,frankfurter,GBP,USD,2025-12-18 00:00:00+00:00,1.3399,2026-04-17T01:07:12.153894+00:00
GBPUSD,GBP/USD,forex,frankfurter,GBP,USD,2025-12-19 00:00:00+00:00,1.337,2026-04-17T01:07:12.153894+00:00
GBPUSD,GBP/USD,forex,frankfurter,GBP,USD,2025-12-22 00:00:00+00:00,1.3435,2026-04-17T01:07:12.153894+00:00
GBPUSD,GBP/USD,forex,frankfurter,GBP,USD,2025-12-23 00:00:00+00:00,1.3502,2026-04-17T01:07:12.153894+00:00
GBPUSD,GBP/USD,forex,frankfurter,GBP,USD,2025-12-24 00:00:00+00:00,1.3503,2026-04-17T01:07:12.153894+00:00
GBPUSD,GBP/USD,forex,frankfurter,GBP,USD,2025-12-29 00:00:00+00:00,1.3484,2026-04-17T01:07:12.153894+00:00
GBPUSD,GBP/USD,forex,frankfurter,GBP,USD,2025-12-30 00:00:00+00:00,1.3495,2026-04-17T01:07:12.153894+00:00
GBPUSD,GBP/USD,forex,frankfurter,GBP,USD,2025-12-31 00:00:00+00:00,1.3466,2026-04-17T01:07:12.153894+00:00
GBPUSD,GBP/USD,forex,frankfurter,GBP,USD,2026-01-02 00:00:00+00:00,1.3443,2026-04-17T01:07:12.153894+00:00
GBPUSD,GBP/USD,forex,frankfurter,GBP,USD,2026-01-05 00:00:00+00:00,1.3444,2026-04-17T01:07:12.153894+00:00
GBPUSD,GBP/USD,forex,frankfurter,GBP,USD,2026-01-06 00:00:00+00:00,1.3514,2026-04-17T01:07:12.153894+00:00
GBPUSD,GBP/USD,forex,frankfurter,GBP,USD,2026-01-07 00:00:00+00:00,1.3486,2026-04-17T01:07:12.153894+00:00
GBPUSD,GBP/USD,forex,frankfurter,GBP,USD,2026-01-08 00:00:00+00:00,1.344,2026-04-17T01:07:12.153894+00:00
GBPUSD,GBP/USD,forex,frankfurter,GBP,USD,2026-01-09 00:00:00+00:00,1.3417,2026-04-17T01:07:12.153894+00:00
GBPUSD,GBP/USD,forex,frankfurter,GBP,USD,2026-01-12 00:00:00+00:00,1.3479,2026-04-17T01:07:12.153894+00:00
GBPUSD,GBP/USD,forex,frankfurter,GBP,USD,2026-01-13 00:00:00+00:00,1.3457,2026-04-17T01:07:12.153894+00:00
GBPUSD,GBP/USD,forex,frankfurter,GBP,USD,2026-01-14 00:00:00+00:00,1.3441,2026-04-17T01:07:12.153894+00:00
GBPUSD,GBP/USD,forex,frankfurter,GBP,USD,2026-01-15 00:00:00+00:00,1.3401,2026-04-17T01:07:12.153894+00:00
GBPUSD,GBP/USD,forex,frankfurter,GBP,USD,2026-01-16 00:00:00+00:00,1.3399,2026-04-17T01:07:12.153894+00:00
GBPUSD,GBP/USD,forex,frankfurter,GBP,USD,2026-01-19 00:00:00+00:00,1.3414,2026-04-17T01:07:12.153894+00:00
GBPUSD,GBP/USD,forex,frankfurter,GBP,USD,2026-01-20 00:00:00+00:00,1.3446,2026-04-17T01:07:12.153894+00:00
GBPUSD,GBP/USD,forex,frankfurter,GBP,USD,2026-01-21 00:00:00+00:00,1.3425,2026-04-17T01:07:12.153894+00:00
GBPUSD,GBP/USD,forex,frankfurter,GBP,USD,2026-01-22 00:00:00+00:00,1.3421,2026-04-17T01:07:12.153894+00:00
GBPUSD,GBP/USD,forex,frankfurter,GBP,USD,2026-01-23 00:00:00+00:00,1.3526,2026-04-17T01:07:12.153894+00:00
GBPUSD,GBP/USD,forex,frankfurter,GBP,USD,2026-01-26 00:00:00+00:00,1.3644,2026-04-17T01:07:12.153894+00:00
GBPUSD,GBP/USD,forex,frankfurter,GBP,USD,2026-01-27 00:00:00+00:00,1.3738,2026-04-17T01:07:12.153894+00:00
GBPUSD,GBP/USD,forex,frankfurter,GBP,USD,2026-01-28 00:00:00+00:00,1.3787,2026-04-17T01:07:12.153894+00:00
GBPUSD,GBP/USD,forex,frankfurter,GBP,USD,2026-01-29 00:00:00+00:00,1.3817,2026-04-17T01:07:12.153894+00:00
GBPUSD,GBP/USD,forex,frankfurter,GBP,USD,2026-01-30 00:00:00+00:00,1.376,2026-04-17T01:07:12.153894+00:00
GBPUSD,GBP/USD,forex,frankfurter,GBP,USD,2026-02-02 00:00:00+00:00,1.3675,2026-04-17T01:07:12.153894+00:00
GBPUSD,GBP/USD,forex,frankfurter,GBP,USD,2026-02-03 00:00:00+00:00,1.3685,2026-04-17T01:07:12.153894+00:00
GBPUSD,GBP/USD,forex,frankfurter,GBP,USD,2026-02-04 00:00:00+00:00,1.3719,2026-04-17T01:07:12.153894+00:00
GBPUSD,GBP/USD,forex,frankfurter,GBP,USD,2026-02-05 00:00:00+00:00,1.3575,2026-04-17T01:07:12.153894+00:00
GBPUSD,GBP/USD,forex,frankfurter,GBP,USD,2026-02-06 00:00:00+00:00,1.3589,2026-04-17T01:07:12.153894+00:00
GBPUSD,GBP/USD,forex,frankfurter,GBP,USD,2026-02-09 00:00:00+00:00,1.366,2026-04-17T01:07:12.153894+00:00
GBPUSD,GBP/USD,forex,frankfurter,GBP,USD,2026-02-10 00:00:00+00:00,1.3679,2026-04-17T01:07:12.153894+00:00
GBPUSD,GBP/USD,forex,frankfurter,GBP,USD,2026-02-11 00:00:00+00:00,1.368,2026-04-17T01:07:12.153894+00:00
GBPUSD,GBP/USD,forex,frankfurter,GBP,USD,2026-02-12 00:00:00+00:00,1.3631,2026-04-17T01:07:12.153894+00:00
GBPUSD,GBP/USD,forex,frankfurter,GBP,USD,2026-02-13 00:00:00+00:00,1.3609,2026-04-17T01:07:12.153894+00:00
GBPUSD,GBP/USD,forex,frankfurter,GBP,USD,2026-02-16 00:00:00+00:00,1.3642,2026-04-17T01:07:12.153894+00:00
GBPUSD,GBP/USD,forex,frankfurter,GBP,USD,2026-02-17 00:00:00+00:00,1.3542,2026-04-17T01:07:12.153894+00:00
GBPUSD,GBP/USD,forex,frankfurter,GBP,USD,2026-02-18 00:00:00+00:00,1.3577,2026-04-17T01:07:12.153894+00:00
GBPUSD,GBP/USD,forex,frankfurter,GBP,USD,2026-02-19 00:00:00+00:00,1.345,2026-04-17T01:07:12.153894+00:00
GBPUSD,GBP/USD,forex,frankfurter,GBP,USD,2026-02-20 00:00:00+00:00,1.3482,2026-04-17T01:07:12.153894+00:00
GBPUSD,GBP/USD,forex,frankfurter,GBP,USD,2026-02-23 00:00:00+00:00,1.3492,2026-04-17T01:07:12.153894+00:00
GBPUSD,GBP/USD,forex,frankfurter,GBP,USD,2026-02-24 00:00:00+00:00,1.3489,2026-04-17T01:07:12.153894+00:00
GBPUSD,GBP/USD,forex,frankfurter,GBP,USD,2026-02-25 00:00:00+00:00,1.3523,2026-04-17T01:07:12.153894+00:00
GBPUSD,GBP/USD,forex,frankfurter,GBP,USD,2026-02-26 00:00:00+00:00,1.355,2026-04-17T01:07:12.153894+00:00
GBPUSD,GBP/USD,forex,frankfurter,GBP,USD,2026-02-27 00:00:00+00:00,1.3471,2026-04-17T01:07:12.153894+00:00
GBPUSD,GBP/USD,forex,frankfurter,GBP,USD,2026-03-02 00:00:00+00:00,1.3386,2026-04-17T01:07:12.153894+00:00
GBPUSD,GBP/USD,forex,frankfurter,GBP,USD,2026-03-03 00:00:00+00:00,1.3314,2026-04-17T01:07:12.153894+00:00
GBPUSD,GBP/USD,forex,frankfurter,GBP,USD,2026-03-04 00:00:00+00:00,1.3382,2026-04-17T01:07:12.153894+00:00
GBPUSD,GBP/USD,forex,frankfurter,GBP,USD,2026-03-05 00:00:00+00:00,1.3362,2026-04-17T01:07:12.153894+00:00
GBPUSD,GBP/USD,forex,frankfurter,GBP,USD,2026-03-06 00:00:00+00:00,1.3336,2026-04-17T01:07:12.153894+00:00
GBPUSD,GBP/USD,forex,frankfurter,GBP,USD,2026-03-09 00:00:00+00:00,1.3354,2026-04-17T01:07:12.153894+00:00
GBPUSD,GBP/USD,forex,frankfurter,GBP,USD,2026-03-10 00:00:00+00:00,1.3451,2026-04-17T01:07:12.153894+00:00
GBPUSD,GBP/USD,forex,frankfurter,GBP,USD,2026-03-11 00:00:00+00:00,1.341,2026-04-17T01:07:12.153894+00:00
GBPUSD,GBP/USD,forex,frankfurter,GBP,USD,2026-03-12 00:00:00+00:00,1.3389,2026-04-17T01:07:12.153894+00:00
GBPUSD,GBP/USD,forex,frankfurter,GBP,USD,2026-03-13 00:00:00+00:00,1.3267,2026-04-17T01:07:12.153894+00:00
GBPUSD,GBP/USD,forex,frankfurter,GBP,USD,2026-03-16 00:00:00+00:00,1.3283,2026-04-17T01:07:12.153894+00:00
GBPUSD,GBP/USD,forex,frankfurter,GBP,USD,2026-03-17 00:00:00+00:00,1.3341,2026-04-17T01:07:12.153894+00:00
GBPUSD,GBP/USD,forex,frankfurter,GBP,USD,2026-03-18 00:00:00+00:00,1.3311,2026-04-17T01:07:12.153894+00:00
GBPUSD,GBP/USD,forex,frankfurter,GBP,USD,2026-03-19 00:00:00+00:00,1.3299,2026-04-17T01:07:12.153894+00:00
GBPUSD,GBP/USD,forex,frankfurter,GBP,USD,2026-03-20 00:00:00+00:00,1.3368,2026-04-17T01:07:12.153894+00:00
GBPUSD,GBP/USD,forex,frankfurter,GBP,USD,2026-03-23 00:00:00+00:00,1.3418,2026-04-17T01:07:12.153894+00:00
GBPUSD,GBP/USD,forex,frankfurter,GBP,USD,2026-03-24 00:00:00+00:00,1.3372,2026-04-17T01:07:12.153894+00:00
GBPUSD,GBP/USD,forex,frankfurter,GBP,USD,2026-03-25 00:00:00+00:00,1.3392,2026-04-17T01:07:12.153894+00:00
GBPUSD,GBP/USD,forex,frankfurter,GBP,USD,2026-03-26 00:00:00+00:00,1.3338,2026-04-17T01:07:12.153894+00:00
GBPUSD,GBP/USD,forex,frankfurter,GBP,USD,2026-03-27 00:00:00+00:00,1.3281,2026-04-17T01:07:12.153894+00:00
GBPUSD,GBP/USD,forex,frankfurter,GBP,USD,2026-03-30 00:00:00+00:00,1.323,2026-04-17T01:07:12.153894+00:00
GBPUSD,GBP/USD,forex,frankfurter,GBP,USD,2026-03-31 00:00:00+00:00,1.3242,2026-04-17T01:07:12.153894+00:00
GBPUSD,GBP/USD,forex,frankfurter,GBP,USD,2026-04-01 00:00:00+00:00,1.3322,2026-04-17T01:07:12.153894+00:00
GBPUSD,GBP/USD,forex,frankfurter,GBP,USD,2026-04-02 00:00:00+00:00,1.3209,2026-04-17T01:07:12.153894+00:00
GBPUSD,GBP/USD,forex,frankfurter,GBP,USD,2026-04-07 00:00:00+00:00,1.3245,2026-04-17T01:07:12.153894+00:00
GBPUSD,GBP/USD,forex,frankfurter,GBP,USD,2026-04-08 00:00:00+00:00,1.3472,2026-04-17T01:07:12.153894+00:00
GBPUSD,GBP/USD,forex,frankfurter,GBP,USD,2026-04-09 00:00:00+00:00,1.3423,2026-04-17T01:07:12.153894+00:00
GBPUSD,GBP/USD,forex,frankfurter,GBP,USD,2026-04-10 00:00:00+00:00,1.3445,2026-04-17T01:07:12.153894+00:00
GBPUSD,GBP/USD,forex,frankfurter,GBP,USD,2026-04-13 00:00:00+00:00,1.3421,2026-04-17T01:07:12.153894+00:00
GBPUSD,GBP/USD,forex,frankfurter,GBP,USD,2026-04-14 00:00:00+00:00,1.3569,2026-04-17T01:07:12.153894+00:00
GBPUSD,GBP/USD,forex,frankfurter,GBP,USD,2026-04-15 00:00:00+00:00,1.355,2026-04-17T01:07:12.153894+00:00
EURUSD,EUR/USD,forex,frankfurter,EUR,USD,2026-04-16 00:00:00+00:00,1.1782,2026-04-17T02:04:24.221203+00:00
GBPUSD,GBP/USD,forex,frankfurter,GBP,USD,2026-04-16 00:00:00+00:00,1.3544,2026-04-17T02:04:24.221203+00:00
